matrix,frobenius_diff,shape,note
C_fp8_ozaki10_cond1e10.txt,0.000000e+00,4096x4096,
C_fp8_ozaki10_cond1e11.txt,0.000000e+00,4096x4096,
C_fp8_ozaki10_cond1e12.txt,0.000000e+00,4096x4096,
C_fp8_ozaki10_cond1e13.txt,0.000000e+00,4096x4096,
C_fp8_ozaki10_cond1e14.txt,0.000000e+00,4096x4096,
C_fp8_ozaki10_cond1e15.txt,0.000000e+00,4096x4096,
C_fp8_ozaki10_cond1e16.txt,0.000000e+00,4096x4096,
C_fp8_ozaki10_cond1e17.txt,0.000000e+00,4096x4096,
C_fp8_ozaki10_cond1e2.txt,0.000000e+00,4096x4096,
C_fp8_ozaki10_cond1e3.txt,0.000000e+00,4096x4096,
C_fp8_ozaki10_cond1e4.txt,0.000000e+00,4096x4096,
C_fp8_ozaki10_cond1e5.txt,0.000000e+00,4096x4096,
C_fp8_ozaki10_cond1e6.txt,0.000000e+00,4096x4096,
C_fp8_ozaki10_cond1e7.txt,0.000000e+00,4096x4096,
C_fp8_ozaki10_cond1e8.txt,0.000000e+00,4096x4096,
C_fp8_ozaki10_cond1e9.txt,0.000000e+00,4096x4096,
C_fp8_ozaki12_cond1e10.txt,0.000000e+00,4096x4096,
C_fp8_ozaki12_cond1e11.txt,0.000000e+00,4096x4096,
C_fp8_ozaki12_cond1e12.txt,0.000000e+00,4096x4096,
C_fp8_ozaki12_cond1e13.txt,0.000000e+00,4096x4096,
C_fp8_ozaki12_cond1e14.txt,0.000000e+00,4096x4096,
C_fp8_ozaki12_cond1e15.txt,0.000000e+00,4096x4096,
C_fp8_ozaki12_cond1e16.txt,0.000000e+00,4096x4096,
C_fp8_ozaki12_cond1e17.txt,0.000000e+00,4096x4096,
C_fp8_ozaki12_cond1e2.txt,0.000000e+00,4096x4096,
C_fp8_ozaki12_cond1e3.txt,0.000000e+00,4096x4096,
C_fp8_ozaki12_cond1e4.txt,0.000000e+00,4096x4096,
C_fp8_ozaki12_cond1e5.txt,0.000000e+00,4096x4096,
C_fp8_ozaki12_cond1e6.txt,0.000000e+00,4096x4096,
C_fp8_ozaki12_cond1e7.txt,0.000000e+00,4096x4096,
C_fp8_ozaki12_cond1e8.txt,0.000000e+00,4096x4096,
C_fp8_ozaki12_cond1e9.txt,0.000000e+00,4096x4096,
C_int8_ozaki12_cond1e10.txt,0.000000e+00,4096x4096,
C_int8_ozaki12_cond1e11.txt,0.000000e+00,4096x4096,
C_int8_ozaki12_cond1e12.txt,0.000000e+00,4096x4096,
C_int8_ozaki12_cond1e13.txt,0.000000e+00,4096x4096,
C_int8_ozaki12_cond1e14.txt,0.000000e+00,4096x4096,
C_int8_ozaki12_cond1e15.txt,0.000000e+00,4096x4096,
C_int8_ozaki12_cond1e16.txt,0.000000e+00,4096x4096,
C_int8_ozaki12_cond1e17.txt,0.000000e+00,4096x4096,
C_int8_ozaki12_cond1e2.txt,0.000000e+00,4096x4096,
C_int8_ozaki12_cond1e3.txt,0.000000e+00,4096x4096,
C_int8_ozaki12_cond1e4.txt,0.000000e+00,4096x4096,
C_int8_ozaki12_cond1e5.txt,0.000000e+00,4096x4096,
C_int8_ozaki12_cond1e6.txt,0.000000e+00,4096x4096,
C_int8_ozaki12_cond1e7.txt,0.000000e+00,4096x4096,
C_int8_ozaki12_cond1e8.txt,0.000000e+00,4096x4096,
C_int8_ozaki12_cond1e9.txt,0.000000e+00,4096x4096,
C_int8_ozaki16_cond1e10.txt,0.000000e+00,4096x4096,
C_int8_ozaki16_cond1e11.txt,0.000000e+00,4096x4096,
C_int8_ozaki16_cond1e12.txt,0.000000e+00,4096x4096,
C_int8_ozaki16_cond1e13.txt,0.000000e+00,4096x4096,
C_int8_ozaki16_cond1e14.txt,0.000000e+00,4096x4096,
C_int8_ozaki16_cond1e15.txt,0.000000e+00,4096x4096,
C_int8_ozaki16_cond1e16.txt,0.000000e+00,4096x4096,
C_int8_ozaki16_cond1e17.txt,0.000000e+00,4096x4096,
C_int8_ozaki16_cond1e2.txt,0.000000e+00,4096x4096,
C_int8_ozaki16_cond1e3.txt,0.000000e+00,4096x4096,
C_int8_ozaki16_cond1e4.txt,0.000000e+00,4096x4096,
C_int8_ozaki16_cond1e5.txt,0.000000e+00,4096x4096,
C_int8_ozaki16_cond1e6.txt,0.000000e+00,4096x4096,
C_int8_ozaki16_cond1e7.txt,0.000000e+00,4096x4096,
C_int8_ozaki16_cond1e8.txt,0.000000e+00,4096x4096,
C_int8_ozaki16_cond1e9.txt,0.000000e+00,4096x4096,
C_native_fp64_cond1e10.txt,3.169426e+05,4096x4096,
C_native_fp64_cond1e11.txt,2.897655e+07,4096x4096,
C_native_fp64_cond1e12.txt,2.629366e+09,4096x4096,
C_native_fp64_cond1e13.txt,2.450018e+11,4096x4096,
C_native_fp64_cond1e14.txt,2.263946e+13,4096x4096,
C_native_fp64_cond1e15.txt,2.123403e+15,4096x4096,
C_native_fp64_cond1e16.txt,2.001280e+17,4096x4096,
C_native_fp64_cond1e17.txt,1.866593e+19,4096x4096,
C_native_fp64_cond1e2.txt,1.579372e-10,4096x4096,
C_native_fp64_cond1e3.txt,1.054338e-08,4096x4096,
C_native_fp64_cond1e4.txt,7.890718e-07,4096x4096,
C_native_fp64_cond1e5.txt,6.324179e-05,4096x4096,
C_native_fp64_cond1e6.txt,5.264674e-03,4096x4096,
C_native_fp64_cond1e7.txt,4.516597e-01,4096x4096,
C_native_fp64_cond1e8.txt,3.953917e+01,4096x4096,
C_native_fp64_cond1e9.txt,3.533439e+03,4096x4096,
