matrix,shape,frob_GB300_vs_GB200,frob_GB200_vs_MI355X,frob_GB300_vs_MI355X,note
C_fp8_ozaki10_cond1e10.txt,4096x4096,0.000000e+00,0.000000e+00,0.000000e+00,
C_fp8_ozaki10_cond1e11.txt,4096x4096,0.000000e+00,0.000000e+00,0.000000e+00,
C_fp8_ozaki10_cond1e12.txt,4096x4096,0.000000e+00,0.000000e+00,0.000000e+00,
C_fp8_ozaki10_cond1e13.txt,4096x4096,0.000000e+00,0.000000e+00,0.000000e+00,
C_fp8_ozaki10_cond1e14.txt,4096x4096,0.000000e+00,0.000000e+00,0.000000e+00,
C_fp8_ozaki10_cond1e15.txt,4096x4096,0.000000e+00,0.000000e+00,0.000000e+00,
C_fp8_ozaki10_cond1e16.txt,4096x4096,0.000000e+00,0.000000e+00,0.000000e+00,
C_fp8_ozaki10_cond1e17.txt,4096x4096,0.000000e+00,0.000000e+00,0.000000e+00,
C_fp8_ozaki10_cond1e2.txt,4096x4096,0.000000e+00,0.000000e+00,0.000000e+00,
C_fp8_ozaki10_cond1e3.txt,4096x4096,0.000000e+00,0.000000e+00,0.000000e+00,
C_fp8_ozaki10_cond1e4.txt,4096x4096,0.000000e+00,0.000000e+00,0.000000e+00,
C_fp8_ozaki10_cond1e5.txt,4096x4096,0.000000e+00,0.000000e+00,0.000000e+00,
C_fp8_ozaki10_cond1e6.txt,4096x4096,0.000000e+00,0.000000e+00,0.000000e+00,
C_fp8_ozaki10_cond1e7.txt,4096x4096,0.000000e+00,0.000000e+00,0.000000e+00,
C_fp8_ozaki10_cond1e8.txt,4096x4096,0.000000e+00,0.000000e+00,0.000000e+00,
C_fp8_ozaki10_cond1e9.txt,4096x4096,0.000000e+00,0.000000e+00,0.000000e+00,
C_fp8_ozaki12_cond1e10.txt,4096x4096,0.000000e+00,0.000000e+00,0.000000e+00,
C_fp8_ozaki12_cond1e11.txt,4096x4096,0.000000e+00,0.000000e+00,0.000000e+00,
C_fp8_ozaki12_cond1e12.txt,4096x4096,0.000000e+00,0.000000e+00,0.000000e+00,
C_fp8_ozaki12_cond1e13.txt,4096x4096,0.000000e+00,0.000000e+00,0.000000e+00,
C_fp8_ozaki12_cond1e14.txt,4096x4096,0.000000e+00,0.000000e+00,0.000000e+00,
C_fp8_ozaki12_cond1e15.txt,4096x4096,0.000000e+00,0.000000e+00,0.000000e+00,
C_fp8_ozaki12_cond1e16.txt,4096x4096,0.000000e+00,0.000000e+00,0.000000e+00,
C_fp8_ozaki12_cond1e17.txt,4096x4096,0.000000e+00,0.000000e+00,0.000000e+00,
C_fp8_ozaki12_cond1e2.txt,4096x4096,0.000000e+00,0.000000e+00,0.000000e+00,
C_fp8_ozaki12_cond1e3.txt,4096x4096,0.000000e+00,0.000000e+00,0.000000e+00,
C_fp8_ozaki12_cond1e4.txt,4096x4096,0.000000e+00,0.000000e+00,0.000000e+00,
C_fp8_ozaki12_cond1e5.txt,4096x4096,0.000000e+00,0.000000e+00,0.000000e+00,
C_fp8_ozaki12_cond1e6.txt,4096x4096,0.000000e+00,0.000000e+00,0.000000e+00,
C_fp8_ozaki12_cond1e7.txt,4096x4096,0.000000e+00,0.000000e+00,0.000000e+00,
C_fp8_ozaki12_cond1e8.txt,4096x4096,0.000000e+00,0.000000e+00,0.000000e+00,
C_fp8_ozaki12_cond1e9.txt,4096x4096,0.000000e+00,0.000000e+00,0.000000e+00,
C_int8_ozaki12_cond1e10.txt,4096x4096,0.000000e+00,0.000000e+00,0.000000e+00,
C_int8_ozaki12_cond1e11.txt,4096x4096,0.000000e+00,0.000000e+00,0.000000e+00,
C_int8_ozaki12_cond1e12.txt,4096x4096,0.000000e+00,0.000000e+00,0.000000e+00,
C_int8_ozaki12_cond1e13.txt,4096x4096,0.000000e+00,0.000000e+00,0.000000e+00,
C_int8_ozaki12_cond1e14.txt,4096x4096,0.000000e+00,0.000000e+00,0.000000e+00,
C_int8_ozaki12_cond1e15.txt,4096x4096,0.000000e+00,0.000000e+00,0.000000e+00,
C_int8_ozaki12_cond1e16.txt,4096x4096,0.000000e+00,0.000000e+00,0.000000e+00,
C_int8_ozaki12_cond1e17.txt,4096x4096,0.000000e+00,0.000000e+00,0.000000e+00,
C_int8_ozaki12_cond1e2.txt,4096x4096,0.000000e+00,0.000000e+00,0.000000e+00,
C_int8_ozaki12_cond1e3.txt,4096x4096,0.000000e+00,0.000000e+00,0.000000e+00,
C_int8_ozaki12_cond1e4.txt,4096x4096,0.000000e+00,0.000000e+00,0.000000e+00,
C_int8_ozaki12_cond1e5.txt,4096x4096,0.000000e+00,0.000000e+00,0.000000e+00,
C_int8_ozaki12_cond1e6.txt,4096x4096,0.000000e+00,0.000000e+00,0.000000e+00,
C_int8_ozaki12_cond1e7.txt,4096x4096,0.000000e+00,0.000000e+00,0.000000e+00,
C_int8_ozaki12_cond1e8.txt,4096x4096,0.000000e+00,0.000000e+00,0.000000e+00,
C_int8_ozaki12_cond1e9.txt,4096x4096,0.000000e+00,0.000000e+00,0.000000e+00,
C_int8_ozaki16_cond1e10.txt,4096x4096,0.000000e+00,0.000000e+00,0.000000e+00,
C_int8_ozaki16_cond1e11.txt,4096x4096,0.000000e+00,0.000000e+00,0.000000e+00,
C_int8_ozaki16_cond1e12.txt,4096x4096,0.000000e+00,0.000000e+00,0.000000e+00,
C_int8_ozaki16_cond1e13.txt,4096x4096,0.000000e+00,0.000000e+00,0.000000e+00,
C_int8_ozaki16_cond1e14.txt,4096x4096,0.000000e+00,0.000000e+00,0.000000e+00,
C_int8_ozaki16_cond1e15.txt,4096x4096,0.000000e+00,0.000000e+00,0.000000e+00,
C_int8_ozaki16_cond1e16.txt,4096x4096,0.000000e+00,0.000000e+00,0.000000e+00,
C_int8_ozaki16_cond1e17.txt,4096x4096,0.000000e+00,0.000000e+00,0.000000e+00,
C_int8_ozaki16_cond1e2.txt,4096x4096,0.000000e+00,0.000000e+00,0.000000e+00,
C_int8_ozaki16_cond1e3.txt,4096x4096,0.000000e+00,0.000000e+00,0.000000e+00,
C_int8_ozaki16_cond1e4.txt,4096x4096,0.000000e+00,0.000000e+00,0.000000e+00,
C_int8_ozaki16_cond1e5.txt,4096x4096,0.000000e+00,0.000000e+00,0.000000e+00,
C_int8_ozaki16_cond1e6.txt,4096x4096,0.000000e+00,0.000000e+00,0.000000e+00,
C_int8_ozaki16_cond1e7.txt,4096x4096,0.000000e+00,0.000000e+00,0.000000e+00,
C_int8_ozaki16_cond1e8.txt,4096x4096,0.000000e+00,0.000000e+00,0.000000e+00,
C_int8_ozaki16_cond1e9.txt,4096x4096,0.000000e+00,0.000000e+00,0.000000e+00,
C_native_fp64_cond1e10.txt,4096x4096,2.250131e+05,3.169426e+05,3.083513e+05,
C_native_fp64_cond1e11.txt,4096x4096,2.047382e+07,2.897655e+07,2.820754e+07,
C_native_fp64_cond1e12.txt,4096x4096,1.871511e+09,2.629366e+09,2.557835e+09,
C_native_fp64_cond1e13.txt,4096x4096,1.730751e+11,2.450018e+11,2.383465e+11,
C_native_fp64_cond1e14.txt,4096x4096,1.604451e+13,2.263946e+13,2.202474e+13,
C_native_fp64_cond1e15.txt,4096x4096,1.498779e+15,2.123403e+15,2.066331e+15,
C_native_fp64_cond1e16.txt,4096x4096,1.415952e+17,2.001280e+17,1.944201e+17,
C_native_fp64_cond1e17.txt,4096x4096,1.324678e+19,1.866593e+19,1.813762e+19,
C_native_fp64_cond1e2.txt,4096x4096,1.117569e-10,1.579372e-10,1.535648e-10,
C_native_fp64_cond1e3.txt,4096x4096,7.451257e-09,1.054338e-08,1.025743e-08,
C_native_fp64_cond1e4.txt,4096x4096,5.588881e-07,7.890718e-07,7.675976e-07,
C_native_fp64_cond1e5.txt,4096x4096,4.478079e-05,6.324179e-05,6.149229e-05,
C_native_fp64_cond1e6.txt,4096x4096,3.725304e-03,5.264674e-03,5.119366e-03,
C_native_fp64_cond1e7.txt,4096x4096,3.199004e-01,4.516597e-01,4.392159e-01,
C_native_fp64_cond1e8.txt,4096x4096,2.798327e+01,3.953917e+01,3.844442e+01,
C_native_fp64_cond1e9.txt,4096x4096,2.497130e+03,3.533439e+03,3.438776e+03,
