Matrix Size,Performance native,Performance 10 mod,Accuracy 10 mod,Extra mem 10 mod (MB),Performance 12 mod,Accuracy 12 mod,Extra mem 12 mod (MB)
384,7.54 TF,0.30 TF,2.76e-13,48.1,0.26 TF,7.96e-16,51.5
512,16.80 TF,0.71 TF,3.27e-13,51.5,0.62 TF,9.52e-16,55.5
1024,48.79 TF,4.70 TF,4.72e-13,110.0,4.19 TF,1.36e-15,126.0
2048,59.55 TF,19.97 TF,6.46e-13,344.0,17.44 TF,1.89e-15,408.0
4096,72.36 TF,43.00 TF,9.17e-13,1280.0,35.99 TF,2.71e-15,1536.0
8192,69.65 TF,60.64 TF,1.30e-12,5120.0,51.10 TF,3.86e-15,6144.0
16384,70.44 TF,69.63 TF,1.84e-12,20480.1,58.21 TF,5.49e-15,24576.1
24576,67.30 TF,72.61 TF,2.25e-12,46080.1,59.54 TF,6.75e-15,55296.1
32768,67.18 TF,73.77 TF,2.60e-12,81920.1,60.16 TF,7.81e-15,98304.1
40960,64.41 TF,72.66 TF,2.38e+02,128000.2,59.92 TF,2.17e+02,153600.2
