"Name","Calls","TotalDurationNs","AverageNs","Percentage"
"Cijk_Alik_Bljk_I8II_BH_UserArgs_MT64x64x256_MI16x16x1_SN_LDSB1_AFC0_AFEM1_AFEM1_ASEM1_CLR1_CADS0_DTLA0_DTLB0_DTVA0_DTVB0_EPS0_FDSI0_GRPM1_GRVWA16_GRVWB16_GSU0_GSUAMB_GLS0_ISA950_IU1_K1_LDSTI0_LBSPPA512_LBSPPB512_LBSPPM0_LPA32_LPB32_LPM0_LRVW16_LWPMn1_MIAV0_MIWT2_2_MO40_NTn1_NTA0_NTB0_NTC0_NTD0_NTM0_NEPBS0_NLCA1_NLCB1_ONLL1_PGR2_PLR2_PKA1_SIA3_SS1_SPO0_SRVW0_SSO0_SVW2_SK3_SKFTR0_SKXCCM8_TLDS1_ULSGRO0_USL1_UIOFGRO0_USFGRO0_VSn1_VWA2_VWB2_WSGRA0_WSGRB0_WS64_WG32_8_1.kd",63840,423139695,6628,51.09459921425569
"void oz2::real::invscal_kernel_special<double, HIP_vector_type<double, 2u>, int, 1, 0>(unsigned int, unsigned long, unsigned long, unsigned long, int const*, unsigned long, double*, unsigned long, HIP_vector_type<double, 2u>, double, short const*, short const*) [clone .kd]",4032,59658469,14796,7.20382795400724
"void oz2::real::fast::optimized_fused_scalingA_kernel<double, 1>(unsigned long, unsigned long, unsigned long, unsigned int, double const*, unsigned long, signed char*, unsigned long, short*, float) [clone .kd]",2464,53525247,21722,6.463234425002461
"void oz2::real::accu::compute_sft_extract_kernel<double>(unsigned long, unsigned long, double const*, unsigned long, short*) [clone .kd]",3360,43682775,13000,5.274744741666243
"oz2::real::accu::compute_sft_rowwise_kernel(unsigned long, unsigned long, int const*, unsigned long, short*, float) [clone .kd]",3360,41550178,12366,5.017231229490261
"void oz2::real::fast::scalingB_kernel<double, 1>(unsigned long, unsigned long, unsigned int, double const*, unsigned long, HIP_vector_type<char, 4u>*, unsigned long, short*, float) [clone .kd]",2464,30254077,12278,3.6532141918574457
"void oz2::real::fast::optimized_fused_scalingA_kernel<double, 2>(unsigned long, unsigned long, unsigned long, unsigned int, double const*, unsigned long, signed char*, unsigned long, short*, float) [clone .kd]",896,24696038,27562,2.982074663994898
"void oz2::real::invscal_kernel_special<double, double, int, 1, 0>(unsigned int, unsigned long, unsigned long, unsigned long, int const*, unsigned long, double*, unsigned long, double, double, short const*, short const*) [clone .kd]",2688,20740218,7715,2.5044049018523107
"void oz2::real::accu::extract_B8i_kernel<double>(unsigned long, double const*, unsigned long, HIP_vector_type<char, 4u>*, unsigned long, short*) [clone .kd]",3360,17132855,5099,2.0688117186003
"void oz2::real::fast::scalingA_kernel<double, 1>(unsigned long, unsigned long, unsigned long, unsigned int, double const*, unsigned long, signed char*, unsigned long, short*) [clone .kd]",2464,16731448,6790,2.020341367013936
"void oz2::real::fast::scalingB_kernel<double, 2>(unsigned long, unsigned long, unsigned int, double const*, unsigned long, HIP_vector_type<char, 4u>*, unsigned long, short*, float) [clone .kd]",896,15590488,17400,1.8825691499226107
"void oz2::real::accu::extract_A8i_kernel<double>(unsigned long, unsigned long, double const*, unsigned long, signed char*, unsigned long, short*) [clone .kd]",3360,15473131,4605,1.8683981587562362
"oz2::real::accu::compute_sft_colwise_kernel(unsigned long, int const*, unsigned long, short*, float) [clone .kd]",3360,14594232,4343,1.7622701053368799
"void oz2::real::accu::scalingB_kernel<double, 1>(unsigned long, unsigned long, unsigned int, double const*, unsigned long, HIP_vector_type<char, 4u>*, unsigned long, short*) [clone .kd]",2464,13472726,5467,1.6268469808616801
"__amd_rocclr_copyBuffer.kd",1920,9986541,5201,1.2058861788699173
"void oz2::real::fast::scalingA_kernel<double, 2>(unsigned long, unsigned long, unsigned long, unsigned int, double const*, unsigned long, signed char*, unsigned long, short*) [clone .kd]",896,9513627,10617,1.1487812757413878
"Cijk_Ailk_Bljk_DB_MT64x32x16_MI16x16x4x1_SN_1LDSB1_APM1_ABV0_ACED0_AF0EM1_AF1EM1_AMAS0_ASE_ASGT_ASLT_ASM_ASAE01_ASCE01_ASEM1_AAC0_BL1_BS1_CLR0_DTLA0_DTLB0_DTVA0_DTVB0_DVO0_ETSP_EPS1_ELFLR0_EMLL0_FSSC10_FL0_GLVWA2_GLVWB2_GRCGA1_GRCGB1_GRPM1_GRVW2_GSU1_GSUASB_GLS0_ISA950_IU1_K1_KLA_LBSPPA0_LBSPPB128_LPA0_LPB4_LDL1_LRVW2_LWPMn1_LDW0_FMA_MIAV1_MDA2_MO40_MMFSC_MKFGSU256_NTA0_NTB0_NTC3_NTD3_NEPBS0_NLCA1_NLCB1_ONLL1_OPLV0_PK0_PAP0_PGR2_PLR5_PKA0_SIA3_SLW1_SS1_SU4_SUM0_SUS512_SCIUI1_SPO1_SRVW0_SSO8_SVW1_SNLL0_TSGRA0_TSGRB0_TT1_32_TLDS1_UMLDSA0_UMLDSB1_U64SL1_USFGROn1_VAW1_VSn1_VW1_VWB1_VFLRP0_WSGRA0_WSGRB0_WS64_WG64_4_1_WGM18.kd",224,9451743,42195,1.1413087123890533
"void oz2::real::accu::scalingB_kernel<double, 2>(unsigned long, unsigned long, unsigned int, double const*, unsigned long, HIP_vector_type<char, 4u>*, unsigned long, short*) [clone .kd]",896,8941185,9979,1.079658253465241
"__amd_rocclr_fillBufferAligned.kd",2,14880,7440,0.0017967769162099637
