cond_number,native_diff,int8_ozaki12_diff,int8_ozaki16_diff,fp8_ozaki10_diff,fp8_ozaki12_diff
1e2,0.00000000000000000e+00,4.31081910361009240e-08,1.05107915667218905e-10,6.09339387126991284e-08,1.52342452934956127e-10
1e3,0.00000000000000000e+00,3.02773697795701766e-06,7.00871888160028775e-09,3.98259139931952076e-06,1.01160518653057979e-08
1e4,0.00000000000000000e+00,2.75520005730650564e-04,5.25606275273989635e-07,3.97293941387367208e-04,1.08646929268276794e-06
1e5,0.00000000000000000e+00,1.97498368206900816e-02,4.21247226377126816e-05,3.94161743634215134e-02,8.46204557045568531e-05
1e6,0.00000000000000000e+00,1.44170841645541614e+00,3.50307422701808674e-03,1.44479348021095677e+00,4.83544536332367568e-03
1e7,0.00000000000000000e+00,1.08389055518742822e+02,3.01210105476677370e-01,2.13240229640081253e+02,4.94105341024562161e-01
1e8,0.00000000000000000e+00,1.00432374202036153e+04,2.63215194996448858e+01,1.59830170098328235e+04,3.92302809828463310e+01
1e9,0.00000000000000000e+00,1.20398115675433399e+06,2.35053757865822809e+03,1.95319043814788922e+06,4.83245241806657486e+03
1e10,0.00000000000000000e+00,9.14085335097571909e+07,2.11601290876971645e+05,1.82742755049081802e+08,3.99916199760443356e+05
1e11,0.00000000000000000e+00,7.07972938864456367e+09,1.92757627801764235e+07,1.39640200963039837e+10,3.21627286961934380e+07
1e12,0.00000000000000000e+00,6.74736191028823730e+11,1.75961830240685344e+09,1.06468152616206970e+12,2.64918855652220058e+09
1e13,0.00000000000000000e+00,8.22714328278822031e+13,1.62751633392062256e+11,1.49393563198537469e+14,3.33633251529237732e+11
1e14,0.00000000000000000e+00,6.34141415672570100e+15,1.50850866439746152e+13,1.26853346915378180e+16,2.79262246310241289e+13
1e15,0.00000000000000000e+00,5.06914798815466624e+17,1.40945713785502550e+15,9.78990705351831936e+17,2.28143755365257800e+15
1e16,0.00000000000000000e+00,6.23160653360966124e+19,1.33298503542184528e+17,8.20542021513865789e+19,2.29312842410694336e+17
1e17,0.00000000000000000e+00,5.89110475273923671e+21,1.24671331601685975e+19,1.14453944352989438e+22,2.49330002530878423e+19
